Name,DateTime,Debate_Time
Speaker,2023-08-29 14:01:10,2023-08-29 14:01:10
Speaker,2023-08-29 14:03:21,2023-08-29 14:03:21
Speaker,2023-08-29 14:08:14,2023-08-29 14:08:14
Grant Robertson,2023-08-29 15:13:08,2023-08-29 15:13:08
Speaker,2023-08-29 15:13:22,2023-08-29 15:13:08
David Parker,2023-08-29 15:13:38,2023-08-29 15:13:38
Ginny Andersen (Minister For The Digital Economy And Communications) On Behalf Of The Leader Of The House,2023-08-29 16:05:21,2023-08-29 16:05:21
Speaker,2023-08-29 16:05:34,2023-08-29 16:05:21
Ginny Andersen,2023-08-29 16:05:56,2023-08-29 16:05:56
Deputy Speaker,2023-08-29 16:12:05,2023-08-29 16:05:56
Assistant Speaker,2023-08-29 19:30:26,2023-08-29 19:30:26
Deputy Speaker,2023-08-24 11:56:28,2023-08-24 11:56:28
Tim Van De Molen,2023-08-24 14:00:33,2023-08-24 14:00:33
Speaker,2023-08-24 14:00:40,2023-08-24 14:00:33
Michael Wood,2023-08-23 14:58:16,2023-08-23 14:58:16
Michael Woodhouse,2023-08-17 11:14:32,2023-08-17 11:14:32
Shanan Halbert,2023-08-17 11:15:10,2023-08-17 11:14:32
Michael Woodhouse,2023-08-17 11:15:21,2023-08-17 11:14:32
Deputy Speaker,2023-08-17 11:15:49,2023-08-17 11:14:32
Nicole Mckee,2023-08-17 11:16:05,2023-08-17 11:14:32
Deputy Speaker,2023-08-17 11:16:34,2023-08-17 11:14:32
Camilla Belich,2023-08-17 11:16:52,2023-08-17 11:14:32
Deputy Speaker,2023-08-17 11:17:24,2023-08-17 11:14:32
Michael Woodhouse,2023-08-17 11:19:07,2023-08-17 11:14:32
Deputy Speaker,2023-08-17 11:19:15,2023-08-17 11:14:32
Joseph Mooney,2023-08-17 12:34:33,2023-08-17 12:34:33
Assistant Speaker,2023-08-17 12:34:48,2023-08-17 12:34:33
Eugenie Sage,2023-08-16 19:00:37,2023-08-16 19:00:37
Assistant Speaker,2023-08-16 19:00:43,2023-08-16 19:00:37
Eugenie Sage,2023-08-16 19:00:49,2023-08-16 19:00:37
Ginny Andersen,2023-08-16 23:06:37,2023-08-16 23:06:37
Deputy Speaker,2023-08-16 23:06:54,2023-08-16 23:06:37
Speaker,2023-06-07 14:56:17,2023-06-07 14:56:17
Chairperson,2023-08-15 14:57:53,2023-08-15 14:57:53
Marama Davidson,2023-08-03 14:48:31,2023-08-03 14:48:31
Judith Collins,2023-08-03 14:49:44,2023-08-03 14:49:44
Assistant Speaker,2023-08-03 15:00:20,2023-08-03 14:49:44
Chairperson,2023-08-03 15:47:14,2023-08-03 15:47:14
Speaker,2023-08-03 09:26:08,2023-08-03 09:26:08
Willow-Jean Prime,2023-08-03 09:26:44,2023-08-03 09:26:44
Chairperson,2023-08-02 15:53:21,2023-08-02 15:53:21
Speaker,2023-08-01 14:01:13,2023-08-01 14:01:13
Speaker,2023-08-01 14:01:45,2023-08-01 14:01:45
Chairperson,2023-08-01 14:56:03,2023-08-01 14:56:03
David Parker,2023-03-29 14:47:50,2023-03-29 14:47:50
Speaker,2023-07-27 14:55:15,2023-03-29 14:47:50
David Parker,2023-07-27 18:01:43,2023-07-27 18:01:43
Deputy Speaker,2023-07-27 18:02:24,2023-07-27 18:01:43
Speaker,2023-07-26 14:01:41,2023-07-26 14:01:41
Peeni Henare,2023-07-26 12:57:01,2023-07-26 12:57:01
Assistant Speaker,2023-07-26 12:58:09,2023-07-26 12:57:01
Speaker,2023-07-25 14:00:56,2023-07-25 14:00:56
Speaker,2023-07-25 14:59:09,2023-07-25 14:59:09
David Seymour,2023-07-25 14:59:50,2023-07-25 14:59:09
Carmel Sepuloni,2023-07-20 14:01:08,2023-07-20 14:01:08
Speaker,2023-07-19 14:48:28,2023-07-19 14:48:28
Dr Ayesha Verrall,2023-07-19 17:45:36,2023-07-19 17:45:36
Assistant Speaker,2023-07-19 17:45:43,2023-07-19 17:45:36
Assistant Speaker,2023-07-19 19:15:00,2023-07-19 19:15:00
Simon Court,2023-07-19 19:22:46,2023-07-19 19:22:46
Assistant Speaker,2023-07-19 19:23:00,2023-07-19 19:22:46
Simon Court,2023-07-19 19:23:04,2023-07-19 19:22:46
Speaker,2023-07-18 14:03:04,2023-07-18 14:03:04
Speaker,2023-07-18 14:59:13,2023-07-18 14:59:13
David Parker,2023-07-18 15:00:27,2023-07-18 15:00:27
Speaker,2023-07-18 15:10:55,2023-07-18 15:00:27
Jan Tinetti,2023-06-29 14:04:00,2023-06-29 14:04:00
Grant Robertson,2023-06-28 14:00:55,2023-06-28 14:00:55
Speaker,2023-06-28 14:04:20,2023-06-28 14:00:55
Speaker,2023-06-22 15:06:38,2023-06-22 15:06:38
Kelvin Davis,2023-06-22 16:35:29,2023-06-22 16:35:29
Speaker,2023-06-21 14:50:43,2023-06-21 14:50:43
Speaker,2023-06-21 14:51:28,2023-06-21 14:51:28
Speaker,2023-06-21 14:52:09,2023-06-21 14:52:09
Speaker,2023-06-20 14:01:04,2023-06-20 14:01:04
Barbara Edmonds,2023-06-20 16:27:18,2023-06-20 16:27:18
Dr Ayesha Verrall,2023-06-20 21:57:45,2023-06-20 21:57:45
Rachel Brooking,2023-06-20 21:58:30,2023-06-20 21:58:30
Deputy Speaker,2023-06-20 21:58:40,2023-06-20 21:58:30
Deputy Speaker,2023-06-20 21:58:55,2023-06-20 21:58:30
Speaker,2023-06-08 14:01:11,2023-06-08 14:01:11
Speaker,2023-06-08 14:51:39,2023-06-08 14:51:39
Kieran Mcanulty (Deputy Leader Of The House) On Behalf Of The Leader Of The House,2023-06-08 16:22:14,2023-06-08 16:22:14
Jan Tinetti,2023-06-08 16:35:20,2023-06-08 16:35:20
Speaker,2023-06-08 16:35:30,2023-06-08 16:35:20
Speaker,2023-06-07 14:00:54,2023-06-07 14:00:54
Speaker,2023-06-07 14:01:22,2023-06-07 14:01:22
Speaker,2023-06-06 14:52:47,2023-06-06 14:52:47
Chairperson,2023-05-31 21:37:28,2023-05-31 21:37:28
Speaker,2023-05-30 14:01:47,2023-05-30 14:01:47
Barbara Edmonds,2023-05-30 14:04:27,2023-05-30 14:04:27
Assistant Speaker,2023-05-19 10:36:11,2023-05-19 10:36:11
Grant Robertson,2023-05-18 14:05:41,2023-05-18 14:05:41
Teanau Tuiono,2023-05-17 19:00:29,2023-05-17 19:00:29
Assistant Speaker,2023-05-17 19:00:59,2023-05-17 19:00:29
James Shaw,2023-05-17 21:48:05,2023-05-17 21:48:05
Speaker,2023-05-16 14:01:05,2023-05-16 14:01:05
Barbara Edmonds,2023-05-16 14:01:27,2023-05-16 14:01:27
Chairperson,2023-05-16 15:17:53,2023-05-16 15:17:53
Steph Lewis,2023-05-16 15:18:46,2023-05-16 15:17:53
Chairperson,2023-05-16 15:23:49,2023-05-16 15:17:53
Chairperson,2023-05-16 21:37:45,2023-05-16 21:37:45
Grant Robertson,2023-05-10 14:55:37,2023-05-10 14:55:37
Speaker,2023-05-10 14:55:48,2023-05-10 14:55:37
Grant Robertson,2023-05-10 14:56:04,2023-05-10 14:56:04
Speaker,2023-05-09 14:01:16,2023-05-09 14:01:16
Chris Hipkins,2023-05-09 14:02:14,2023-05-09 14:02:14
Chris Hipkins,2023-05-09 14:02:48,2023-05-09 14:02:48
Speaker,2023-05-09 14:05:46,2023-05-09 14:02:48
Meka Whaitiri,2023-05-09 14:11:18,2023-05-09 14:11:18
Speaker,2023-05-09 14:11:33,2023-05-09 14:11:18
Nicole Mckee,2023-05-09 14:11:39,2023-05-09 14:11:39
Meka Whaitiri,2023-05-09 14:18:27,2023-05-09 14:18:27
Speaker,2023-05-09 14:22:05,2023-05-09 14:18:27
Kieran Mcanulty,2023-05-09 14:22:13,2023-05-09 14:22:13
Speaker,2023-05-09 15:30:47,2023-05-09 15:30:47
Chairperson,2023-05-09 15:32:18,2023-05-09 15:32:18
Grant Robertson,2023-05-09 19:36:44,2023-05-09 19:36:44
Deputy Speaker,2023-05-09 19:40:54,2023-05-09 19:36:44
Jan Tinetti,2023-05-09 19:57:14,2023-05-09 19:57:14
Speaker,2023-05-04 14:01:06,2023-05-04 14:01:06
Michael Woodhouse,2023-05-04 14:03:58,2023-05-04 14:01:06
Speaker,2023-05-04 14:07:53,2023-05-04 14:01:06
James Shaw,2023-05-04 14:08:41,2023-05-04 14:01:06
Speaker,2023-05-04 14:10:05,2023-05-04 14:01:06
David Seymour,2023-05-04 14:10:45,2023-05-04 14:01:06
Grant Robertson,2023-05-04 14:10:46,2023-05-04 14:01:06
Speaker,2023-05-04 14:11:32,2023-05-04 14:01:06
Gerry Brownlee,2023-05-04 14:11:44,2023-05-04 14:01:06
Speaker,2023-05-04 14:12:51,2023-05-04 14:01:06
Gerry Brownlee,2023-05-04 14:14:07,2023-05-04 14:01:06
Grant Robertson,2023-05-04 14:14:48,2023-05-04 14:01:06
Speaker,2023-05-04 14:15:42,2023-05-04 14:01:06
Chris Bishop,2023-05-04 14:16:54,2023-05-04 14:01:06
Speaker,2023-05-04 14:18:00,2023-05-04 14:01:06
Gerry Brownlee,2023-05-04 14:19:15,2023-05-04 14:01:06
David Parker,2023-05-04 14:20:18,2023-05-04 14:01:06
Speaker,2023-05-04 14:20:50,2023-05-04 14:01:06
Speaker,2023-05-04 15:16:26,2023-05-04 15:16:26
Speaker,2023-05-03 14:01:24,2023-05-03 14:01:24
Speaker,2023-05-03 14:01:54,2023-05-03 14:01:54
Michael Woodhouse,2023-05-03 14:02:06,2023-05-03 14:01:54
Speaker,2023-05-03 14:03:55,2023-05-03 14:01:54
Michael Woodhouse,2023-05-03 14:04:36,2023-05-03 14:01:54
Grant Robertson,2023-05-03 14:06:11,2023-05-03 14:01:54
Michael Woodhouse,2023-05-03 14:07:03,2023-05-03 14:01:54
Speaker,2023-05-03 14:08:19,2023-05-03 14:01:54
Chris Bishop,2023-05-03 14:09:16,2023-05-03 14:01:54
Speaker,2023-05-03 14:10:46,2023-05-03 14:01:54
Michael Woodhouse,2023-05-03 14:12:12,2023-05-03 14:01:54
Speaker,2023-05-03 14:12:32,2023-05-03 14:01:54
David Seymour,2023-05-03 14:12:55,2023-05-03 14:01:54
Speaker,2023-05-03 14:13:30,2023-05-03 14:01:54
Chris Bishop,2023-05-03 14:14:07,2023-05-03 14:01:54
Speaker,2023-05-03 14:14:35,2023-05-03 14:01:54
David Seymour,2023-05-03 14:14:53,2023-05-03 14:01:54
Grant Robertson,2023-05-03 14:15:11,2023-05-03 14:01:54
Michael Woodhouse,2023-05-03 14:15:36,2023-05-03 14:01:54
Speaker,2023-05-03 14:16:44,2023-05-03 14:01:54
Gerry Brownlee,2023-05-03 14:17:14,2023-05-03 14:01:54
Speaker,2023-05-03 14:17:59,2023-05-03 14:01:54
Gerry Brownlee,2023-05-03 14:18:42,2023-05-03 14:01:54
Speaker,2023-05-03 14:19:35,2023-05-03 14:01:54
Chris Bishop,2023-05-03 14:20:16,2023-05-03 14:01:54
David Seymour,2023-05-03 14:21:54,2023-05-03 14:01:54
Grant Robertson,2023-05-03 14:22:23,2023-05-03 14:01:54
James Shaw,2023-05-03 14:22:56,2023-05-03 14:01:54
Speaker,2023-05-03 14:23:43,2023-05-03 14:01:54
David Parker,2023-05-03 16:21:34,2023-05-03 16:21:34
Speaker,2023-05-03 16:22:15,2023-05-03 16:21:34
Chairperson,2023-05-03 16:22:58,2023-05-03 16:22:58
Jan Tinetti,2023-05-02 14:01:13,2023-05-02 14:01:13
Speaker,2023-05-02 14:56:03,2023-05-02 14:56:03
Grant Robertson,2023-05-02 14:57:20,2023-05-02 14:57:20
Speaker,2023-05-02 14:58:23,2023-05-02 14:57:20
Chairperson,2023-05-02 14:58:55,2023-05-02 14:58:55
Speaker,2023-04-06 14:00:56,2023-04-06 14:00:56
Maureen Pugh,2023-04-06 14:03:19,2023-04-06 14:03:19
Speaker,2023-04-06 14:03:52,2023-04-06 14:03:19
Tangi Utikere,2023-04-06 15:45:36,2023-04-06 15:45:36
Tim Van De Molen,2023-04-06 15:46:14,2023-04-06 15:45:36
Tangi Utikere,2023-04-06 15:46:15,2023-04-06 15:45:36
Deputy Speaker,2023-04-06 15:46:18,2023-04-06 15:45:36
David Parker,2023-04-05 14:00:58,2023-04-05 14:00:58
Kiritapu Allan,2023-04-04 14:58:51,2023-04-04 14:58:51
Speaker,2023-04-04 15:02:21,2023-04-04 14:58:51
Speaker,2023-03-30 14:53:56,2023-03-30 14:53:56
Dr Elizabeth Kerekere,2023-03-30 09:17:19,2023-03-30 09:17:19
Assistant Speaker,2023-03-30 09:18:01,2023-03-30 09:17:19
Assistant Speaker,2023-03-30 09:18:20,2023-03-30 09:17:19
Nicole Mckee,2023-03-29 11:43:08,2023-03-29 11:43:08
Assistant Speaker,2023-03-29 11:43:41,2023-03-29 11:43:08
Speaker,2023-03-29 14:00:18,2023-03-29 14:00:18
Christopher Luxon,2023-03-29 14:51:16,2023-03-29 14:51:16
Speaker,2023-03-29 14:51:38,2023-03-29 14:51:16
David Seymour,2023-03-29 23:35:19,2023-03-29 23:35:19
Assistant Speaker,2023-03-30 00:44:00,2023-03-29 23:35:19
Speaker,2023-03-28 14:01:02,2023-03-28 14:01:02
Speaker,2023-03-16 14:04:38,2023-03-16 14:04:38
Michael Woodhouse,2023-03-15 14:47:38,2023-03-15 14:47:38
Kieran Mcanulty,2023-03-15 14:51:49,2023-03-15 14:47:38
Michael Woodhouse,2023-03-15 14:51:50,2023-03-15 14:47:38
Kieran Mcanulty,2023-03-15 14:51:51,2023-03-15 14:47:38
David Seymour,2023-03-15 14:51:52,2023-03-15 14:47:38
Speaker,2023-03-15 14:52:08,2023-03-15 14:47:38
Speaker,2023-03-15 14:53:45,2023-03-15 14:53:45
David Seymour,2023-03-15 14:54:56,2023-03-15 14:53:45
David Seymour,2023-03-15 14:55:40,2023-03-15 14:53:45
Speaker,2023-03-15 14:55:41,2023-03-15 14:53:45
Chris Bishop,2023-03-15 14:56:11,2023-03-15 14:53:45
Speaker,2023-03-15 14:56:12,2023-03-15 14:53:45
David Seymour,2023-03-15 14:57:28,2023-03-15 14:53:45
Speaker,2023-03-15 14:57:29,2023-03-15 14:53:45
Speaker,2023-03-15 14:57:34,2023-03-15 14:53:45
Chairperson,2023-03-14 19:26:03,2023-03-14 19:26:03
Speaker,2023-03-09 14:01:21,2023-03-09 14:01:21
Tangi Utikere,2023-03-09 14:03:22,2023-03-09 14:03:22
Speaker,2023-03-09 14:03:56,2023-03-09 14:03:22
Speaker,2023-03-09 14:52:25,2023-03-09 14:52:25
Speaker,2023-03-08 14:00:57,2023-03-08 14:00:57
Grant Robertson,2023-03-08 19:25:22,2023-03-08 19:25:22
Speaker,2023-03-07 14:01:09,2023-03-07 14:01:09
Speaker,2023-03-07 14:04:23,2023-03-07 14:01:09
Chris Hipkins,2023-03-07 14:08:41,2023-03-07 14:08:41
Speaker,2023-03-07 14:08:42,2023-03-07 14:08:41
Todd Mcclay,2023-02-23 14:01:48,2023-02-23 14:01:48
Speaker,2023-02-23 14:02:02,2023-02-23 14:01:48
Speaker,2023-02-22 14:00:57,2023-02-22 14:00:57
James Shaw,2023-02-22 21:17:40,2023-02-22 21:17:40
James Shaw,2023-02-22 21:23:10,2023-02-22 21:23:10
Speaker,2023-02-21 14:02:00,2023-02-21 14:02:00
Speaker,2023-02-21 14:02:06,2023-02-21 14:02:06
Speaker,2023-02-14 14:01:20,2023-02-14 14:01:20
Tama Potaka,2023-02-14 14:02:09,2023-02-14 14:01:20
Hon Grant Robertson,2023-02-14 14:03:01,2023-02-14 14:03:01
Speaker,2023-02-14 14:06:34,2023-02-14 14:03:01
Kieran Mcanulty,2023-02-14 14:17:57,2023-02-14 14:17:57
Speaker,2022-12-14 14:01:05,2022-12-14 14:01:05
Jacinda Ardern,2022-12-14 14:02:56,2022-12-14 14:02:56
Jacinda Ardern (Prime Minister) On Behalf Of The Leader Of The House,2022-12-14 15:51:05,2022-12-14 15:51:05
Speaker,2022-12-14 16:00:22,2022-12-14 15:51:05
Eugenie Sage,2022-12-14 10:36:53,2022-12-14 10:36:53
Speaker,2022-12-14 10:37:21,2022-12-14 10:36:53
Nanaia Mahuta,2022-12-13 19:00:28,2022-12-13 19:00:28
Chris Hipkins,2022-12-08 14:54:57,2022-12-08 14:54:57
Speaker,2022-12-08 14:55:43,2022-12-08 14:54:57
Chris Hipkins,2022-12-08 14:56:04,2022-12-08 14:56:04
Speaker,2022-12-08 14:56:58,2022-12-08 14:56:04
Rachel Boyack,2022-12-08 10:57:39,2022-12-08 10:57:39
Speaker,2022-12-07 14:01:33,2022-12-07 14:01:33
Speaker,2022-12-07 14:57:27,2022-12-07 14:57:27
Deputy Speaker,2022-12-07 16:01:16,2022-12-07 16:01:16
Speaker,2022-12-06 14:01:17,2022-12-06 14:01:17
Speaker,2022-12-06 15:06:36,2022-12-06 15:06:36
Assistant Speaker,2022-11-24 17:51:47,2022-11-24 17:51:47
Chris Hipkins,2022-11-22 14:55:14,2022-11-22 14:55:14
Speaker,2022-11-17 14:01:00,2022-11-17 14:01:00
Eugenie Sage,2022-11-17 15:09:45,2022-11-17 15:09:45
Speaker,2022-11-16 14:01:56,2022-11-16 14:01:56
Speaker,2022-11-15 14:01:05,2022-11-15 14:01:05
Grant Robertson,2022-11-15 14:01:27,2022-11-15 14:01:27
Speaker,2022-11-15 14:06:19,2022-11-15 14:01:27
Speaker,2022-11-15 14:17:33,2022-11-15 14:17:33
Andrew Little,2022-11-15 14:21:53,2022-11-15 14:21:53
Shanan Halbert,2022-11-10 14:58:08,2022-11-10 14:58:08
Assistant Speaker,2022-11-10 15:08:34,2022-11-10 14:58:08
Louise Upston,2022-11-10 10:44:35,2022-11-10 10:44:35
Speaker,2022-11-08 14:01:19,2022-11-08 14:01:19
Nanaia Mahuta,2022-10-27 14:03:50,2022-10-27 14:03:50
Speaker,2022-10-27 15:00:10,2022-10-27 15:00:10
Jenny Salesa,2022-10-27 15:00:30,2022-10-27 15:00:10
Speaker,2022-10-27 15:09:49,2022-10-27 15:00:10
Dr Ayesha Verrall,2022-10-26 20:24:58,2022-10-26 20:24:58
Assistant Speaker,2022-10-26 20:27:44,2022-10-26 20:24:58
Speaker,2022-10-25 15:07:46,2022-10-25 15:07:46
Speaker,2022-10-25 15:08:59,2022-10-25 15:07:46
Speaker,2022-10-19 14:01:05,2022-10-19 14:01:05
Rawiri Waititi,2022-10-19 14:02:35,2022-10-19 14:02:35
Speaker,2022-10-19 15:10:11,2022-10-19 15:10:11
Speaker,2022-10-18 15:11:58,2022-10-18 15:11:58
Brooke Van Velden,2022-10-18 15:13:02,2022-10-18 15:11:58
Speaker,2022-09-29 14:01:27,2022-09-29 14:01:27
Marja Lubeck,2022-09-29 14:47:39,2022-09-29 14:47:39
Speaker,2022-09-29 14:57:49,2022-09-29 14:47:39
Speaker,2022-09-28 14:01:18,2022-09-28 14:01:18
Rino Tirikatene,2022-09-22 14:01:03,2022-09-22 14:01:03
Chris Hipkins,2022-09-22 14:57:34,2022-09-22 14:57:34
Speaker,2022-09-22 14:58:38,2022-09-22 14:57:34
Michael Woodhouse,2022-09-22 14:58:40,2022-09-22 14:57:34
Chris Hipkins,2022-09-21 19:53:21,2022-09-21 19:53:21
Speaker,2022-09-20 14:01:06,2022-09-20 14:01:06
Speaker,2022-09-20 14:58:34,2022-09-20 14:58:34
David Seymour,2022-09-20 14:59:50,2022-09-20 14:58:34
Speaker,2022-09-20 14:59:57,2022-09-20 14:58:34
Nanaia Mahuta,2022-09-01 14:00:54,2022-09-01 14:00:54
Chairperson,2022-09-01 15:07:39,2022-09-01 15:07:39
Chairperson,2022-08-30 14:52:14,2022-08-30 14:52:14
Chris Hipkins,2022-08-25 14:04:14,2022-08-25 14:04:14
Speaker,2022-08-25 14:06:51,2022-08-25 14:04:14
Speaker,2022-08-23 14:01:06,2022-08-23 14:01:06
Speaker,2022-08-23 14:01:33,2022-08-23 14:01:33
Tāmati Coffey,2022-08-23 14:02:11,2022-08-23 14:02:11
Chris Bishop,2022-08-23 15:11:07,2022-08-23 15:11:07
Speaker,2022-08-23 15:11:32,2022-08-23 15:11:07
Chris Bishop,2022-08-23 15:11:34,2022-08-23 15:11:07
Speaker,2022-08-23 15:11:49,2022-08-23 15:11:07
Speaker,2022-08-23 15:11:54,2022-08-23 15:11:54
Chairperson,2022-08-23 15:14:32,2022-08-23 15:14:32
David Parker,2022-08-23 21:06:50,2022-08-23 21:06:50
Assistant Speaker,2022-08-23 21:18:02,2022-08-23 21:06:50
Speaker,2022-08-10 14:01:03,2022-08-10 14:01:03
Speaker,2022-08-10 14:01:25,2022-08-10 14:01:25
David Seymour,2022-08-10 14:02:51,2022-08-10 14:01:25
Chairperson,2022-08-10 16:12:48,2022-08-10 16:12:48
Grant Robertson,2022-08-09 14:00:55,2022-08-09 14:00:55
Chris Hipkins,2022-08-09 15:12:45,2022-08-09 15:12:45
Chairperson,2022-08-03 12:29:03,2022-08-03 12:29:03
Deputy Speaker,2022-07-28 14:58:20,2022-07-28 14:58:20
Jacqui Dean,2022-08-25 14:29:12,2022-07-28 14:58:20
Assistant Speaker,2022-08-25 14:29:13,2022-07-28 14:58:20
David Parker,2022-07-28 15:19:10,2022-07-28 15:19:10
Jan Logie,2022-07-28 15:19:45,2022-07-28 15:19:45
Chairperson,2022-07-28 12:53:43,2022-07-28 12:53:43
Nanaia Mahuta,2022-07-27 14:00:55,2022-07-27 14:00:55
Speaker,2022-07-26 14:00:49,2022-07-26 14:00:49
Speaker,2022-07-26 14:00:59,2022-07-26 14:00:49
Speaker,2022-07-26 14:02:50,2022-07-26 14:02:50
Speaker,2022-07-26 15:09:23,2022-07-26 15:09:23
Chris Hipkins,2022-06-30 14:52:53,2022-06-30 14:52:53
Speaker,2022-06-22 11:52:08,2022-06-22 11:52:08
Chris Hipkins,2022-06-28 17:05:10,2022-06-28 17:05:10
Deputy Speaker,2022-06-28 17:15:06,2022-06-28 17:05:10
Dr Ayesha Verrall,2022-06-28 17:20:37,2022-06-28 17:20:37
Deputy Speaker,2022-06-28 17:20:38,2022-06-28 17:20:37
Assistant Speaker,2022-06-28 19:14:47,2022-06-28 19:14:47
Michael Wood (Minister Of Immigration) On Behalf Of The Leader Of The House,2022-06-22 15:58:12,2022-06-22 15:58:12
Speaker,2022-06-21 14:01:08,2022-06-21 14:01:08
Speaker,2022-06-21 14:02:19,2022-06-21 14:02:19
Andrew Little,2022-06-21 14:05:17,2022-06-21 14:05:17
Nanaia Mahuta,2022-06-08 14:00:54,2022-06-08 14:00:54
Jacinda Ardern,2022-06-07 14:07:41,2022-06-07 14:07:41
Dr Ayesha Verrall,2022-06-07 15:11:50,2022-06-07 15:11:50
Deputy Speaker,2022-06-07 15:15:00,2022-06-07 15:11:50
Marja Lubeck,2022-06-02 14:49:10,2022-06-02 14:49:10
Deputy Speaker,2022-05-31 14:01:31,2022-05-31 14:01:31
Deputy Speaker,2022-05-31 14:02:01,2022-05-31 14:02:01
Deputy Speaker,2022-05-31 14:04:04,2022-05-31 14:02:01
Grant Robertson,2022-05-19 14:05:37,2022-05-19 14:05:37
James Shaw,2022-05-17 14:02:31,2022-05-17 14:02:31
Chris Hipkins,2022-05-17 15:20:29,2022-05-17 15:20:29
Speaker,2022-05-12 14:01:00,2022-05-12 14:01:00
Eugenie Sage,2022-05-12 09:00:30,2022-05-12 09:00:30
Assistant Speaker,2022-05-12 09:10:33,2022-05-12 09:00:30
Speaker,2022-05-11 15:04:13,2022-05-11 15:04:13
Speaker,2022-05-10 14:01:28,2022-05-10 14:01:28
Speaker,2022-05-10 14:03:36,2022-05-10 14:03:36
Speaker,2022-05-10 15:12:06,2022-05-10 15:12:06
Assistant Speaker,2022-05-10 21:57:50,2022-05-10 21:57:50
Andrew Little,2022-05-05 15:06:38,2022-05-05 15:06:38
Deputy Speaker,2022-05-05 15:09:27,2022-05-05 15:06:38
Speaker,2022-05-04 14:56:41,2022-05-04 14:56:41
Deputy Speaker,2022-05-04 14:57:09,2022-05-04 14:56:41
David Seymour,2022-05-04 14:58:58,2022-05-04 14:56:41
Chris Bishop,2022-05-04 15:00:23,2022-05-04 14:56:41
Deputy Speaker,2022-05-04 15:00:59,2022-05-04 14:56:41
Chris Bishop,2022-05-04 15:01:49,2022-05-04 14:56:41
Deputy Speaker,2022-05-04 15:02:20,2022-05-04 14:56:41
Gerry Brownlee,2022-05-04 15:02:28,2022-05-04 14:56:41
David Seymour,2022-05-04 15:03:53,2022-05-04 14:56:41
Deputy Speaker,2022-05-04 15:04:11,2022-05-04 14:56:41
Chris Bishop,2022-05-04 15:04:16,2022-05-04 14:56:41
Deputy Speaker,2022-05-04 15:04:17,2022-05-04 14:56:41
Speaker,2022-05-04 17:40:20,2022-05-04 17:40:20
Speaker,2022-05-03 14:04:27,2022-05-03 14:04:27
Poto Williams,2022-05-03 14:05:23,2022-05-03 14:05:23
Speaker,2022-05-03 15:12:47,2022-05-03 15:12:47
Chairperson,2022-05-03 15:14:00,2022-05-03 15:14:00
Debbie Ngarewa-Packer,2022-04-14 14:01:04,2022-04-14 14:01:04
Deputy Speaker,2022-04-14 14:58:11,2022-04-14 14:58:11
Deputy Speaker,2022-04-14 15:00:47,2022-04-14 15:00:47
Chris Hipkins,2022-04-14 15:57:00,2022-04-14 15:00:47
Chris Hipkins,2022-04-14 15:01:39,2022-04-14 15:01:39
Deputy Speaker,2022-04-14 15:04:52,2022-04-14 15:01:39
Chris Hipkins,2022-04-14 15:05:10,2022-04-14 15:05:10
Deputy Speaker,2022-04-14 15:11:28,2022-04-14 15:05:10
Meka Whaitiri,2022-04-13 14:01:27,2022-04-13 14:01:27
Chairperson,2022-04-13 17:03:20,2022-04-13 17:03:20
Chairperson,2022-04-12 14:55:44,2022-04-12 14:55:44
Assistant Speaker,2022-04-06 17:56:37,2022-04-06 17:56:37
Speaker,2022-04-05 14:00:48,2022-04-05 14:00:48
Debbie Ngarewa-Packer,2022-03-31 14:06:52,2022-03-31 14:06:52
Kiritapu Allan (Minister Of Conservation) On Behalf Of The Minister Of Justice,2022-03-30 15:59:52,2022-03-30 15:59:52
Speaker,2022-03-29 14:00:58,2022-03-29 14:00:58
Carmel Sepuloni,2022-03-29 14:00:59,2022-03-29 14:00:58
Speaker,2022-03-29 14:01:44,2022-03-29 14:01:44
Chris Hipkins,2022-03-29 21:17:28,2022-03-29 21:17:28
Grant Robertson,2022-03-16 14:00:53,2022-03-16 14:00:53
Speaker,2022-03-16 14:03:51,2022-03-16 14:00:53
Speaker,2022-03-16 14:14:20,2022-03-16 14:14:20
Jacinda Ardern,2022-03-15 14:00:43,2022-03-15 14:00:43
Speaker,2022-03-15 14:39:57,2022-03-15 14:39:57
Assistant Speaker,2022-03-15 21:57:50,2022-03-15 21:57:50
Assistant Speaker,2022-03-08 17:40:07,2022-03-08 17:40:07
Jan Logie,2022-03-08 17:43:57,2022-03-08 17:43:57
Assistant Speaker,2022-03-08 17:44:16,2022-03-08 17:43:57
Chairperson,2022-03-08 21:22:22,2022-03-08 21:22:22
Jacinda Ardern,2022-03-03 14:03:07,2022-03-03 14:03:07
Speaker,2022-03-03 14:08:53,2022-03-03 14:03:07
Grant Robertson,2022-03-02 14:01:40,2022-03-02 14:01:40
Speaker,2022-03-02 14:04:59,2022-03-02 14:01:40
Speaker,2022-03-02 15:18:22,2022-03-02 15:18:22
Assistant Speaker,2022-03-02 20:29:36,2022-03-02 20:29:36
Jacinda Ardern,2022-03-01 14:01:42,2022-03-01 14:01:42
Speaker,2022-03-01 14:01:53,2022-03-01 14:01:42
Speaker,2022-03-01 14:09:11,2022-03-01 14:01:42
Speaker,2022-03-01 14:28:47,2022-03-01 14:28:47
Chris Hipkins,2022-03-01 15:41:44,2022-03-01 15:41:44
Chris Hipkins,2022-03-01 15:46:30,2022-03-01 15:46:30
Assistant Speaker,2022-03-01 15:53:33,2022-03-01 15:46:30
Chris Hipkins,2022-02-17 15:02:16,2022-02-17 15:02:16
Deputy Speaker,2022-02-17 15:08:43,2022-02-17 15:02:16
Carmel Sepuloni (Minister For Social Development And Employment) On Behalf Of The Prime Minister,2022-02-16 17:53:27,2022-02-16 17:53:27
Carmel Sepuloni (Minister For Social Development And Employment) On Behalf Of The Minister For Covid-19 Response,2022-02-16 17:53:56,2022-02-16 17:53:56
Assistant Speaker,2022-02-16 17:57:15,2022-02-16 17:53:56
Assistant Speaker,2022-02-16 17:57:16,2022-02-16 17:53:56
Speaker,2022-02-15 14:00:28,2022-02-15 14:00:28
Speaker,2022-02-15 14:59:54,2022-02-15 14:59:54
Jacinda Ardern,2022-02-09 14:01:28,2022-02-09 14:01:28
Speaker,2022-02-09 14:03:55,2022-02-09 14:01:28
Chairperson,2022-02-09 21:54:28,2022-02-09 21:54:28
Speaker,2022-02-08 19:00:00,2022-02-08 19:00:00
Speaker,2022-02-08 21:00:01,2022-02-08 21:00:01
Chris Hipkins,2021-12-15 15:02:58,2021-12-15 15:02:58
Speaker,2021-12-14 14:00:48,2021-12-14 14:00:48
Marama Davidson,2021-12-14 16:05:33,2021-12-14 16:05:33
Assistant Speaker,2021-12-14 16:05:48,2021-12-14 16:05:33
Marama Davidson,2021-12-14 16:06:02,2021-12-14 16:05:33
Assistant Speaker,2021-12-14 16:06:25,2021-12-14 16:05:33
Chairperson,2021-12-14 20:01:38,2021-12-14 20:01:38
Chris Hipkins,2021-12-09 09:00:20,2021-12-09 09:00:20
Speaker,2021-12-09 09:05:33,2021-12-09 09:00:20
Debbie Ngarewa-Packer,2021-12-08 14:01:29,2021-12-08 14:01:29
Willie Jackson,2021-12-08 19:13:36,2021-12-08 19:13:36
Speaker,2021-12-08 19:14:01,2021-12-08 19:13:36
Grant Robertson,2021-12-07 14:01:26,2021-12-07 14:01:26
Speaker,2021-12-07 15:02:53,2021-12-07 15:02:53
Chris Hipkins,2021-12-07 15:04:05,2021-12-07 15:02:53
Speaker,2021-12-07 15:04:16,2021-12-07 15:02:53
Chris Hipkins,2021-12-07 15:04:31,2021-12-07 15:04:31
Speaker,2021-12-07 15:04:55,2021-12-07 15:04:31
Chris Hipkins,2021-12-07 15:05:07,2021-12-07 15:05:07
Speaker,2021-12-07 15:05:24,2021-12-07 15:05:07
Assistant Speaker,2021-12-07 16:49:34,2021-12-07 16:49:34
Speaker,2021-11-25 14:46:44,2021-11-25 14:46:44
Chris Hipkins,2021-11-25 14:46:45,2021-11-25 14:46:44
Speaker,2021-11-25 14:49:11,2021-11-25 14:46:44
Speaker,2021-11-24 12:50:59,2021-11-24 12:50:59
Dr Elizabeth Kerekere,2021-11-24 16:06:55,2021-11-24 16:06:55
Assistant Speaker,2021-11-24 16:07:14,2021-11-24 16:06:55
Michael Woodhouse,2021-11-18 14:02:02,2021-11-18 14:02:02
Speaker,2021-11-17 14:00:40,2021-11-17 14:00:40
Chairperson,2021-11-17 17:00:48,2021-11-17 17:00:48
Chairperson,2021-11-17 17:02:02,2021-11-17 17:00:48
Angie Warren-Clark,2021-11-17 17:02:13,2021-11-17 17:00:48
Chris Hipkins,2021-11-16 14:53:31,2021-11-16 14:53:31
Chris Hipkins,2021-11-16 14:53:57,2021-11-16 14:53:57
Chris Hipkins,2021-11-16 14:55:58,2021-11-16 14:55:58
Speaker,2021-11-16 15:02:43,2021-11-16 14:55:58
Marama Davidson,2021-11-16 21:50:18,2021-11-16 21:50:18
Assistant Speaker,2021-11-16 21:50:32,2021-11-16 21:50:18
Marama Davidson,2021-11-16 21:50:40,2021-11-16 21:50:18
Assistant Speaker,2021-11-16 21:51:04,2021-11-16 21:50:18
Clerk,2021-11-16 21:51:10,2021-11-16 21:50:18
Marama Davidson,2021-11-16 21:51:14,2021-11-16 21:50:18
Assistant Speaker,2021-11-16 21:51:27,2021-11-16 21:50:18
Speaker,2021-11-10 21:36:28,2021-11-10 21:36:28
Jacinda Ardern,2021-11-09 14:04:09,2021-11-09 14:04:09
Speaker,2021-11-09 14:07:34,2021-11-09 14:04:09
Speaker,2021-11-09 15:11:07,2021-11-09 15:11:07
Speaker,2021-11-09 15:11:57,2021-11-09 15:11:57
Chris Bishop,2021-10-28 12:40:28,2021-10-28 12:40:28
Assistant Speaker,2021-10-28 12:40:59,2021-10-28 12:40:28
Chris Bishop,2021-10-28 12:41:06,2021-10-28 12:40:28
Assistant Speaker,2021-10-28 12:41:31,2021-10-28 12:40:28
Assistant Speaker,2021-10-28 12:48:37,2021-10-28 12:48:37
Speaker,2021-10-27 14:56:23,2021-10-27 14:56:23
David Seymour,2021-10-21 14:55:16,2021-10-21 14:55:16
Speaker,2021-10-21 14:55:37,2021-10-21 14:55:16
Rawiri Waititi,2021-10-21 14:56:18,2021-10-21 14:56:18
Speaker,2021-10-21 14:57:10,2021-10-21 14:56:18
Speaker,2021-10-20 14:00:47,2021-10-20 14:00:47
Chris Hipkins,2021-10-20 14:02:47,2021-10-20 14:00:47
Speaker,2021-10-20 14:03:35,2021-10-20 14:00:47
Chris Hipkins,2021-10-20 14:04:21,2021-10-20 14:00:47
Speaker,2021-10-20 14:04:40,2021-10-20 14:00:47
Dr Elizabeth Kerekere,2021-10-20 14:04:59,2021-10-20 14:04:59
Speaker,2021-10-19 14:00:53,2021-10-19 14:00:53
Chris Hipkins,2021-10-19 15:03:18,2021-10-19 15:03:18
Meka Whaitiri,2021-09-29 14:00:41,2021-09-29 14:00:41
Speaker,2021-09-29 14:00:55,2021-09-29 14:00:41
Chris Hipkins,2021-09-28 14:56:56,2021-09-28 14:56:56
Speaker,2021-09-28 15:03:22,2021-09-28 14:56:56
Speaker,2021-09-22 14:01:16,2021-09-22 14:01:16
Speaker,2021-09-21 17:36:51,2021-09-21 17:36:51
Jacinda Ardern,2021-09-09 14:00:37,2021-09-09 14:00:37
Speaker,2021-09-09 14:04:58,2021-09-09 14:00:37
Speaker,2021-09-09 14:15:08,2021-09-09 14:15:08
Speaker,2021-09-08 14:35:12,2021-09-08 14:35:12
Chairperson,2021-09-08 15:39:16,2021-09-08 15:39:16
Andrew Little,2021-09-07 14:00:42,2021-09-07 14:00:42
Speaker,2021-09-07 15:21:03,2021-09-07 15:21:03
Chairperson,2021-09-07 16:41:28,2021-09-07 16:41:28
Michael Woodhouse,2021-09-02 14:02:12,2021-09-02 14:02:12
Speaker,2021-09-02 14:03:07,2021-09-02 14:02:12
Chris Hipkins,2021-09-01 15:35:07,2021-09-01 15:35:07
Chris Hipkins,2021-08-31 14:00:37,2021-08-31 14:00:37
David Seymour,2021-08-31 14:21:38,2021-08-31 14:21:38
Chris Hipkins,2021-08-31 14:23:49,2021-08-31 14:21:38
David Seymour,2021-08-31 14:24:09,2021-08-31 14:21:38
Chris Hipkins,2021-08-31 14:24:30,2021-08-31 14:21:38
David Seymour,2021-08-31 14:24:38,2021-08-31 14:21:38
Chris Hipkins,2021-08-31 14:24:52,2021-08-31 14:21:38
David Seymour,2021-08-31 14:25:16,2021-08-31 14:21:38
Chris Hipkins,2021-08-31 14:25:23,2021-08-31 14:21:38
David Seymour,2021-08-31 14:25:41,2021-08-31 14:21:38
Chris Hipkins,2021-08-31 14:26:23,2021-08-31 14:21:38
David Seymour,2021-08-31 14:27:06,2021-08-31 14:21:38
Chris Hipkins,2021-08-31 14:27:25,2021-08-31 14:21:38
David Seymour,2021-08-31 14:27:42,2021-08-31 14:21:38
Chris Hipkins,2021-08-31 14:27:50,2021-08-31 14:21:38
David Seymour,2021-08-31 14:27:58,2021-08-31 14:21:38
Chris Hipkins,2021-08-31 14:28:05,2021-08-31 14:21:38
David Seymour,2021-08-31 14:28:25,2021-08-31 14:21:38
Chris Hipkins,2021-08-31 14:29:02,2021-08-31 14:21:38
David Seymour,2021-08-31 14:30:02,2021-08-31 14:21:38
Chris Hipkins,2021-08-31 14:30:42,2021-08-31 14:21:38
Speaker,2021-08-31 14:31:16,2021-08-31 14:21:38
Peeni Henare,2021-08-31 14:31:29,2021-08-31 14:31:29
Speaker,2021-08-31 15:01:45,2021-08-31 15:01:45
Speaker,2021-08-31 15:50:21,2021-08-31 15:50:21
Speaker,2021-08-11 14:52:37,2021-08-11 14:52:37
Chairperson,2021-08-11 17:13:12,2021-08-11 17:13:12
Jacinda Ardern,2021-08-10 14:00:50,2021-08-10 14:00:50
Speaker,2021-08-10 14:06:44,2021-08-10 14:00:50
Dr Megan Woods,2021-08-10 14:21:38,2021-08-10 14:21:38
Speaker,2021-08-10 14:50:00,2021-08-10 14:50:00
Aupito William Sio,2021-08-10 15:51:55,2021-08-10 15:51:55
Speaker,2021-08-10 16:48:34,2021-08-10 16:48:34
Speaker,2021-08-10 16:49:16,2021-08-10 16:49:16
Chris Hipkins,2021-08-10 16:50:10,2021-08-10 16:50:10
Chris Hipkins,2021-08-03 14:01:09,2021-08-03 14:01:09
Speaker,2021-08-03 15:32:02,2021-08-03 15:32:02
Chairperson,2021-08-03 15:33:26,2021-08-03 15:33:26
Assistant Speaker,2021-07-08 15:25:24,2021-07-08 15:25:24
Chris Hipkins,2021-07-01 14:59:41,2021-07-01 14:59:41
Golriz Ghahraman,2021-06-30 19:00:28,2021-06-30 19:00:28
Erica Stanford,2021-06-30 19:01:23,2021-06-30 19:00:28
Chris Hipkins,1899-12-30 14:00:59,1899-12-30 14:00:59
David Parker,2021-06-29 19:17:34,2021-06-29 19:17:34
Speaker,2021-06-29 19:17:49,2021-06-29 19:17:34
David Parker,2021-06-29 20:09:54,2021-06-29 20:09:54
Assistant Speaker,2021-06-29 20:16:40,2021-06-29 20:09:54
Grant Robertson,2021-06-24 14:00:54,2021-06-24 14:00:54
Marja Lubeck,2021-06-24 15:05:25,2021-06-24 15:05:25
Chris Hipkins,2021-06-23 14:00:38,2021-06-23 14:00:38
Speaker,2021-06-23 15:28:17,2021-06-23 15:28:17
Speaker,2021-06-22 14:03:07,2021-06-22 14:03:07
Speaker,2021-06-22 15:05:47,2021-06-22 15:05:47
James Shaw,2021-06-09 14:02:00,2021-06-09 14:02:00
Speaker,2021-06-08 14:00:54,2021-06-08 14:00:54
Chlöe Swarbrick,2021-06-08 15:07:12,2021-06-08 15:07:12
Deputy Speaker,2021-06-08 15:07:27,2021-06-08 15:07:12
Speaker,2021-06-03 14:01:37,2021-06-03 14:01:37
Grant Robertson,2021-06-01 14:01:37,2021-06-01 14:01:37
Speaker,2021-06-01 14:53:56,2021-06-01 14:53:56
Grant Robertson,2021-05-20 14:04:28,2021-05-20 14:04:28
Golriz Ghahraman,2021-05-19 14:02:07,2021-05-19 14:02:07
Speaker,2021-05-19 14:02:18,2021-05-19 14:02:07
Speaker,2021-05-19 14:50:28,2021-05-19 14:50:28
Speaker,2021-05-13 14:48:35,2021-05-13 14:48:35
Marama Davidson,2021-05-12 14:53:51,2021-05-12 14:53:51
Speaker,2021-05-12 14:54:52,2021-05-12 14:53:51
Michael Woodhouse,2021-05-12 14:54:53,2021-05-12 14:53:51
David Seymour,2021-05-12 14:56:17,2021-05-12 14:53:51
Chris Hipkins,2021-05-12 14:57:10,2021-05-12 14:53:51
Chris Bishop,2021-05-12 14:57:53,2021-05-12 14:53:51
Marama Davidson,2021-05-12 14:58:30,2021-05-12 14:53:51
Speaker,2021-05-12 14:59:08,2021-05-12 14:53:51
Chris Hipkins,2021-05-12 14:59:18,2021-05-12 14:53:51
James Shaw,2021-05-12 14:59:56,2021-05-12 14:53:51
Speaker,2021-05-12 15:01:30,2021-05-12 14:53:51
Gerry Brownlee,2021-05-12 15:01:40,2021-05-12 14:53:51
Nicole Mckee,2021-05-12 15:02:17,2021-05-12 14:53:51
Speaker,2021-05-12 15:03:34,2021-05-12 14:53:51
Chris Bishop,2021-05-12 15:03:38,2021-05-12 14:53:51
Speaker,2021-05-12 15:04:37,2021-05-12 14:53:51
Aupito William Sio,2021-05-12 15:04:38,2021-05-12 14:53:51
Michael Woodhouse,2021-05-12 15:08:29,2021-05-12 14:53:51
Speaker,2021-05-11 14:01:19,2021-05-11 14:01:19
Andrew Little,2021-05-11 14:03:11,2021-05-11 14:03:11
Speaker,2021-05-11 14:03:12,2021-05-11 14:03:11
Chairperson,2021-05-11 15:03:23,2021-05-11 15:03:23
Brooke Van Velden,2021-05-05 14:02:11,2021-05-05 14:02:11
Speaker,2021-05-05 14:02:51,2021-05-05 14:02:11
Speaker,2021-05-05 14:03:29,2021-05-05 14:03:29
Chris Bishop,2021-05-05 15:02:38,2021-05-05 15:02:38
Speaker,2021-05-04 14:54:42,2021-05-04 14:54:42
Chairperson,2021-05-04 16:00:52,2021-05-04 16:00:52
James Shaw,2021-04-15 14:02:13,2021-04-15 14:02:13
Speaker,2021-04-15 14:02:36,2021-04-15 14:02:13
Chris Hipkins,2021-04-15 15:23:32,2021-04-15 15:23:32
Speaker,2021-04-14 15:02:45,2021-04-14 15:02:45
Speaker,2021-04-14 15:04:09,2021-04-14 15:04:09
Chris Hipkins,2021-04-14 15:04:40,2021-04-14 15:04:40
David Seymour,2021-04-14 15:06:30,2021-04-14 15:06:30
Jacinda Ardern,2021-04-13 14:01:16,2021-04-13 14:01:16
Speaker,2021-04-13 14:06:27,2021-04-13 14:01:16
Speaker,2021-04-07 14:59:34,2021-04-07 14:59:34
Dr Megan Woods,2021-04-06 14:09:01,2021-04-06 14:09:01
Speaker,2021-04-06 14:56:40,2021-04-06 14:56:40
Speaker,2021-03-25 14:49:01,2021-03-25 14:49:01
Meka Whaitiri,2021-03-24 14:01:00,2021-03-24 14:01:00
Speaker,2021-03-24 14:01:55,2021-03-24 14:01:55
Speaker,2021-03-23 14:49:02,2021-03-23 14:49:02
Grant Robertson,2021-03-18 14:01:19,2021-03-18 14:01:19
Speaker,2021-03-18 14:04:47,2021-03-18 14:01:19
Chris Bishop,2021-03-18 15:05:13,2021-03-18 15:05:13
Speaker,2021-03-18 15:05:27,2021-03-18 15:05:13
Speaker,2021-03-17 14:01:14,2021-03-17 14:01:14
Chris Hipkins,2021-03-17 14:01:53,2021-03-17 14:01:14
Ibrahim Omer,2021-03-16 14:01:18,2021-03-16 14:01:18
Assistant Speaker,2021-03-11 16:36:52,2021-03-11 16:36:52
Michael Woodhouse,2021-03-10 14:56:30,2021-03-10 14:56:30
Speaker,2021-03-10 14:56:42,2021-03-10 14:56:30
Speaker,2021-03-09 14:01:37,2021-03-09 14:01:37
Chris Hipkins,2021-03-09 14:02:27,2021-03-09 14:02:27
Debbie Ngarewa-Packer,2021-03-09 14:32:44,2021-03-09 14:32:44
Chris Hipkins,2021-03-09 14:35:02,2021-03-09 14:32:44
Speaker,2021-03-09 15:26:08,2021-03-09 15:26:08
Speaker,2021-03-09 15:26:42,2021-03-09 15:26:42
Speaker,2021-03-09 15:27:50,2021-03-09 15:27:50
Chris Hipkins,2021-03-09 15:28:35,2021-03-09 15:28:35
Deputy Speaker,2021-03-09 15:35:22,2021-03-09 15:28:35
Speaker,2021-02-25 14:01:18,2021-02-25 14:01:18
Poto Williams,2021-02-25 14:04:45,2021-02-25 14:04:45
Jenny Salesa,2021-02-25 15:02:57,2021-02-25 15:02:57
Speaker,2021-02-24 14:00:24,2021-02-24 14:00:24
Chris Bishop,2021-02-24 14:57:10,2021-02-24 14:57:10
Speaker,2021-02-24 14:57:13,2021-02-24 14:57:10
Jacinda Ardern,2021-02-23 14:00:58,2021-02-23 14:00:58
Speaker,2021-02-23 14:05:05,2021-02-23 14:00:58
Chris Hipkins (Leader Of The House) On Behalf Of The Prime Minister,2021-02-18 14:59:10,2021-02-18 14:59:10
Speaker,2021-02-16 14:52:30,2021-02-16 14:52:30
Speaker,2021-02-09 14:08:51,2021-02-09 14:08:51
Rawiri Waititi,2021-02-09 14:09:40,2021-02-09 14:08:51
Speaker,2021-02-09 14:10:14,2021-02-09 14:08:51
Chris Bishop,2021-02-09 14:55:34,2021-02-09 14:55:34
Chris Hipkins,2021-02-09 14:55:39,2021-02-09 14:55:34
Speaker,2021-02-09 14:56:10,2021-02-09 14:55:34
Assistant Speaker,2021-02-09 21:43:05,2021-02-09 21:43:05
Nanaia Mahuta,2020-12-09 14:00:04,2020-12-09 14:00:04
Speaker,2020-12-09 14:02:43,2020-12-09 14:00:04
Chris Bishop,2020-12-09 14:12:45,2020-12-09 14:12:45
Speaker,2020-12-09 14:13:04,2020-12-09 14:12:45
David Seymour,2020-12-09 14:13:53,2020-12-09 14:12:45
Speaker,2020-12-09 14:14:34,2020-12-09 14:12:45
Simon Bridges,2020-12-09 14:15:04,2020-12-09 14:12:45
Speaker,2020-12-09 14:15:25,2020-12-09 14:12:45
Speaker,2020-12-09 14:15:38,2020-12-09 14:12:45
Gerry Brownlee,2020-12-09 14:15:47,2020-12-09 14:12:45
Grant Robertson (Deputy Prime Minister) On Behalf Of The Leader Of The House,2020-12-09 14:54:24,2020-12-09 14:54:24
Chris Hipkins,2020-12-08 19:15:36,2020-12-08 19:15:36
Assistant Speaker,2020-12-08 19:20:11,2020-12-08 19:15:36
Chris Hipkins,2020-12-08 19:37:42,2020-12-08 19:37:42
Chris Hipkins,2020-12-08 19:39:03,2020-12-08 19:39:03
Chris Hipkins,2020-12-08 19:39:03,2020-12-08 19:39:03
Assistant Speaker,2020-12-08 19:40:33,2020-12-08 19:39:03
Jacinda Ardern,2020-12-02 14:51:00,2020-12-02 14:51:00
Speaker,2020-12-02 15:01:31,2020-12-02 14:51:00
Chris Hipkins,2020-11-26 11:35:58,2020-11-26 11:35:58
Chris Bishop,2020-11-26 11:36:54,2020-11-26 11:35:58
Speaker,2020-11-26 11:59:24,2020-11-26 11:59:24
Chris Hipkins,2020-11-26 11:59:34,2020-11-26 11:59:24
Speaker,2020-11-26 12:00:50,2020-11-26 11:59:24
Speaker,2020-11-26 16:27:24,2020-11-26 16:27:24
